Order Date,Website,Purchase Order Number,Shipment Date,Order Status,Subtotal,Shipping Charge,Tax Before Promotions,Total Promotions,Tax Charged,Total Charged,Buyer Name,Group Name
1/1/2021,Amazon.com,,1/10/2021,Shipped,$23.99 ,$0.00 ,$1.22 ,$3.60 ,$1.22 ,$21.61 ,PSF,
1/2/2021,Amazon.com,,1/2/2021,Shipped,$74.99 ,$0.00 ,$4.50 ,$0.00 ,$4.50 ,$79.49 ,PSF,
1/2/2021,Amazon.com,,1/10/2021,Shipped,$15.49 ,$0.00 ,$0.79 ,$2.32 ,$0.79 ,$13.96 ,PSF,
1/3/2021,Amazon.com,,1/4/2021,Shipped,$9.49 ,$0.00 ,$0.57 ,$0.00 ,$0.57 ,$10.06 ,PSF,
1/3/2021,Amazon.com,,1/5/2021,Shipped,$29.89 ,$0.00 ,$1.61 ,$2.99 ,$1.61 ,$28.51 ,PSF,
1/3/2021,Amazon.com,,1/5/2021,Shipped,$27.94 ,$0.00 ,$1.68 ,$0.00 ,$1.68 ,$29.62 ,PSF,
1/9/2021,Amazon.com,,1/10/2021,Shipped,$16.98 ,$0.00 ,$1.02 ,$0.00 ,$1.02 ,$18.00 ,PSF,
1/10/2021,Amazon.com,,1/11/2021,Shipped,$158.58 ,$0.00 ,$0.27 ,$0.00 ,$0.27 ,$158.85 ,PSF,
1/10/2021,Amazon.com,,1/12/2021,Shipped,$8.00 ,$0.00 ,$0.48 ,$0.00 ,$0.48 ,$8.48 ,PSF,
1/13/2021,Amazon.com,,1/13/2021,Shipped,$35.89 ,$0.00 ,$2.16 ,$0.00 ,$2.16 ,$38.05 ,PSF,
1/13/2021,Amazon.com,,1/13/2021,Shipped,$9.99 ,$0.00 ,$0.60 ,$0.00 ,$0.60 ,$10.59 ,PSF,
1/13/2021,Amazon.com,,1/16/2021,Shipped,$6.99 ,$0.00 ,$0.42 ,$0.00 ,$0.42 ,$7.41 ,PSF,
1/13/2021,Amazon.com,,1/29/2021,Shipped,$18.99 ,$0.00 ,$0.97 ,$6.65 ,$0.97 ,$13.31 ,PSF,
1/13/2021,Amazon.com,,2/2/2021,Shipped,$5.43 ,$0.00 ,$0.28 ,$0.81 ,$0.28 ,$4.90 ,PSF,
1/13/2021,Amazon.com,,2/2/2021,Shipped,$9.76 ,$0.00 ,$0.50 ,$1.46 ,$0.50 ,$8.80 ,PSF,
1/14/2021,Amazon.com,,2/2/2021,Shipped,$14.56 ,$0.00 ,$0.74 ,$2.18 ,$0.74 ,$13.12 ,PSF,
1/15/2021,Amazon.com,,2/2/2021,Shipped,$13.99 ,$0.00 ,$0.80 ,$0.70 ,$0.80 ,$14.09 ,PSF,
1/17/2021,Amazon.com,,1/18/2021,Shipped,$14.28 ,$0.00 ,$0.86 ,$0.00 ,$0.86 ,$15.14 ,PSF,
1/17/2021,Amazon.com,,1/17/2021,Shipped,$19.99 ,$0.00 ,$1.20 ,$0.00 ,$1.20 ,$21.19 ,PSF,
1/17/2021,Amazon.com,,1/18/2021,Shipped,$6.95 ,$0.00 ,$0.42 ,$0.00 ,$0.42 ,$7.37 ,PSF,
1/17/2021,Amazon.com,,1/18/2021,Shipped,$102.97 ,$0.00 ,$6.04 ,$2.34 ,$6.04 ,$106.67 ,PSF,
1/18/2021,Amazon.com,,1/18/2021,Shipped,$153.12 ,$0.00 ,$0.00 ,$0.00 ,$0.00 ,$153.12 ,PSF,
1/21/2021,Amazon.com,,2/2/2021,Shipped,$26.88 ,$0.00 ,$1.37 ,$4.03 ,$1.37 ,$24.22 ,PSF,
1/21/2021,Amazon.com,,2/2/2021,Shipped,$5.08 ,$0.00 ,$0.24 ,$1.02 ,$0.24 ,$4.30 ,PSF,
1/21/2021,Amazon.com,,2/2/2021,Shipped,$9.92 ,$0.00 ,$0.57 ,$0.50 ,$0.57 ,$9.99 ,PSF,
1/22/2021,Amazon.com,,2/2/2021,Shipped,$11.22 ,$0.00 ,$0.57 ,$1.68 ,$0.57 ,$10.11 ,PSF,
1/25/2021,Amazon.com,,1/25/2021,Shipped,$23.84 ,$0.00 ,$1.43 ,$0.00 ,$1.43 ,$25.27 ,PSF,
1/26/2021,Amazon.com,,2/2/2021,Shipped,$6.79 ,$0.00 ,$0.35 ,$1.02 ,$0.35 ,$6.12 ,PSF,
1/26/2021,Amazon.com,,3/22/2021,Shipped,$10.41 ,$0.00 ,$0.63 ,$0.00 ,$0.63 ,$11.04 ,PSF,
1/26/2021,Amazon.com,,2/2/2021,Shipped,$6.64 ,$0.00 ,$0.34 ,$1.00 ,$0.34 ,$5.98 ,PSF,
1/27/2021,Amazon.com,,1/27/2021,Shipped,$13.99 ,$0.00 ,$0.80 ,$0.70 ,$0.80 ,$14.09 ,PSF,
1/28/2021,Amazon.com,,1/28/2021,Shipped,$37.39 ,$0.00 ,$2.13 ,$1.87 ,$2.13 ,$37.65 ,PSF,
1/29/2021,Amazon.com,,2/2/2021,Shipped,$17.28 ,$0.00 ,$0.00 ,$2.59 ,$0.00 ,$14.69 ,PSF,
1/30/2021,Amazon.com,,2/2/2021,Shipped,$19.99 ,$0.00 ,$1.20 ,$0.00 ,$1.20 ,$21.19 ,PSF,
1/30/2021,Amazon.com,,2/2/2021,Shipped,$43.98 ,$0.00 ,$2.64 ,$0.00 ,$2.64 ,$46.62 ,PSF,
1/31/2021,Amazon.com,,2/2/2021,Shipped,$4.97 ,$0.00 ,$0.30 ,$0.00 ,$0.30 ,$5.27 ,PSF,
2/2/2021,Amazon.com,,2/3/2021,Shipped,$194.68 ,$0.00 ,$0.27 ,$0.00 ,$0.27 ,$194.95 ,PSF,
2/7/2021,Amazon.com,,2/8/2021,Shipped,$22.99 ,$0.00 ,$1.31 ,$1.15 ,$1.31 ,$23.15 ,PSF,
2/9/2021,Amazon.com,,2/10/2021,Shipped,$17.49 ,$0.00 ,$1.05 ,$0.00 ,$1.05 ,$18.54 ,PSF,
2/9/2021,Amazon.com,,2/10/2021,Shipped,$19.99 ,$0.00 ,$1.20 ,$0.00 ,$1.20 ,$21.19 ,PSF,
2/9/2021,Amazon.com,,2/21/2021,Shipped,$11.59 ,$0.00 ,$0.59 ,$1.74 ,$0.59 ,$10.44 ,PSF,
2/9/2021,Amazon.com,,2/21/2021,Shipped,$9.92 ,$0.00 ,$0.57 ,$0.50 ,$0.57 ,$9.99 ,PSF,
2/11/2021,Amazon.com,,2/21/2021,Shipped,$9.98 ,$0.00 ,$0.00 ,$1.50 ,$0.00 ,$8.48 ,PSF,
2/11/2021,Amazon.com,,2/11/2021,Shipped,$9.99 ,$0.00 ,$0.00 ,$0.00 ,$0.00 ,$9.99 ,PSF,
2/11/2021,Amazon.com,,2/21/2021,Shipped,$4.97 ,$0.00 ,$0.00 ,$0.75 ,$0.00 ,$4.22 ,PSF,
2/12/2021,Amazon.com,,2/21/2021,Shipped,$12.00 ,$0.00 ,$0.00 ,$1.80 ,$0.00 ,$10.20 ,PSF,
2/14/2021,Amazon.com,,3/27/2021,Shipped,$14.94 ,$0.00 ,$0.00 ,$2.24 ,$0.00 ,$12.70 ,PSF,
2/14/2021,Amazon.com,,2/16/2021,Shipped,$148.70 ,$0.00 ,$0.27 ,$0.00 ,$0.27 ,$148.97 ,PSF,
2/14/2021,Amazon.com,,2/16/2021,Shipped,$47.97 ,$0.00 ,$2.88 ,$0.00 ,$2.88 ,$50.85 ,PSF,
2/15/2021,Amazon.com,,2/19/2021,Shipped,$11.71 ,$0.00 ,$0.00 ,$1.76 ,$0.00 ,$9.95 ,PSF,
2/15/2021,Amazon.com,,2/21/2021,Shipped,$10.77 ,$0.00 ,$0.54 ,$1.62 ,$0.54 ,$9.69 ,PSF,
2/15/2021,Amazon.com,,2/21/2021,Shipped,$42.73 ,$0.00 ,$2.18 ,$10.41 ,$2.18 ,$34.50 ,PSF,
2/15/2021,Amazon.com,,2/21/2021,Shipped,$9.54 ,$0.00 ,$0.00 ,$1.43 ,$0.00 ,$8.11 ,PSF,
2/16/2021,Amazon.com,,3/28/2021,Shipped,$6.76 ,$0.00 ,$0.00 ,$0.34 ,$0.00 ,$6.42 ,PSF,
2/18/2021,Amazon.com,,2/19/2021,Shipped,$4.99 ,$0.00 ,$0.30 ,$0.00 ,$0.30 ,$5.29 ,PSF,
2/21/2021,Amazon.com,,3/28/2021,Shipped,$10.49 ,$0.00 ,$0.54 ,$1.57 ,$0.54 ,$9.46 ,PSF,
2/22/2021,Amazon.com,,2/22/2021,Shipped,$7.84 ,$0.00 ,$0.47 ,$0.00 ,$0.47 ,$8.31 ,PSF,
2/22/2021,Amazon.com,,2/22/2021,Shipped,$2.25 ,$0.00 ,$0.14 ,$0.00 ,$0.14 ,$2.39 ,PSF,
2/23/2021,Amazon.com,,2/25/2021,Shipped,$22.99 ,$0.00 ,$1.31 ,$1.15 ,$1.31 ,$23.15 ,PSF,
2/24/2021,Amazon.com,,2/26/2021,Shipped,$29.99 ,$0.00 ,$1.80 ,$0.00 ,$1.80 ,$31.79 ,PSF,
2/26/2021,Amazon.com,,2/26/2021,Shipped,$19.78 ,$0.00 ,$1.18 ,$0.00 ,$1.18 ,$20.96 ,PSF,
2/27/2021,Amazon.com,,2/27/2021,Shipped,$160.86 ,$0.00 ,$0.00 ,$0.00 ,$0.00 ,$160.86 ,PSF,
3/1/2021,Amazon.com,,3/3/2021,Shipped,$59.57 ,$0.00 ,$3.50 ,$1.35 ,$3.50 ,$61.72 ,PSF,
3/1/2021,Amazon.com,,3/3/2021,Shipped,$24.99 ,$0.00 ,$1.50 ,$0.00 ,$1.50 ,$26.49 ,PSF,
3/1/2021,Amazon.com,,3/2/2021,Shipped,$19.99 ,$0.00 ,$1.20 ,$0.00 ,$1.20 ,$21.19 ,PSF,
3/1/2021,Amazon.com,,3/4/2021,Shipped,$26.99 ,$0.00 ,$1.50 ,$2.00 ,$1.50 ,$26.49 ,PSF,
3/5/2021,Amazon.com,,3/29/2021,Shipped,$12.88 ,$0.00 ,$0.00 ,$1.93 ,$0.00 ,$10.95 ,PSF,
3/5/2021,Amazon.com,,3/6/2021,Shipped,$27.98 ,$0.00 ,$1.68 ,$0.00 ,$1.68 ,$29.66 ,PSF,
3/5/2021,Amazon.com,,3/8/2021,Shipped,$13.94 ,$0.00 ,$0.84 ,$0.00 ,$0.84 ,$14.78 ,PSF,
3/5/2021,Amazon.com,,3/8/2021,Shipped,$19.99 ,$0.00 ,$1.20 ,$0.00 ,$1.20 ,$21.19 ,PSF,
3/6/2021,Amazon.com,,3/28/2021,Shipped,$9.92 ,$0.00 ,$0.57 ,$0.50 ,$0.57 ,$9.99 ,PSF,
3/6/2021,Amazon.com,,3/27/2021,Shipped,$11.47 ,$0.00 ,$0.00 ,$1.72 ,$0.00 ,$9.75 ,PSF,
3/6/2021,Amazon.com,,3/28/2021,Shipped,$19.95 ,$0.00 ,$0.00 ,$3.00 ,$0.00 ,$16.95 ,PSF,
3/6/2021,Amazon.com,,3/8/2021,Shipped,$104.23 ,$0.00 ,$6.25 ,$0.00 ,$6.25 ,$110.48 ,PSF,
3/6/2021,Amazon.com,,3/28/2021,Shipped,$14.99 ,$0.00 ,$0.00 ,$1.50 ,$0.00 ,$13.49 ,PSF,
3/6/2021,Amazon.com,,3/28/2021,Shipped,$24.18 ,$0.00 ,$1.23 ,$3.63 ,$1.23 ,$21.78 ,PSF,
3/6/2021,Amazon.com,,3/28/2021,Shipped,$6.79 ,$0.00 ,$0.35 ,$1.02 ,$0.35 ,$6.12 ,PSF,
3/7/2021,Amazon.com,,3/12/2021,Shipped,$89.90 ,$0.00 ,$5.40 ,$0.00 ,$5.40 ,$95.30 ,PSF,
3/8/2021,Amazon.com,,3/28/2021,Shipped,$6.98 ,$0.00 ,$0.36 ,$1.05 ,$0.36 ,$6.29 ,PSF,
3/9/2021,Amazon.com,,3/12/2021,Shipped,$110.39 ,$0.00 ,$6.63 ,$0.00 ,$6.63 ,$117.02 ,PSF,
3/9/2021,Amazon.com,,3/10/2021,Shipped,$14.99 ,$0.00 ,$0.90 ,$0.00 ,$0.90 ,$15.89 ,PSF,
3/9/2021,Amazon.com,,3/10/2021,Shipped,$9.99 ,$0.00 ,$0.60 ,$0.00 ,$0.60 ,$10.59 ,PSF,
3/9/2021,Amazon.com,,3/15/2021,Shipped,$11.00 ,$5.49 ,$0.99 ,$0.00 ,$0.99 ,$17.48 ,PSF,
3/10/2021,Amazon.com,,3/28/2021,Shipped,$9.98 ,$0.00 ,$0.00 ,$1.50 ,$0.00 ,$8.48 ,PSF,
3/12/2021,Amazon.com,,3/16/2021,Shipped,$39.93 ,$0.00 ,$1.68 ,$0.60 ,$1.68 ,$41.01 ,PSF,
3/12/2021,Amazon.com,,3/17/2021,Shipped,$27.59 ,$0.00 ,$1.66 ,$0.00 ,$1.66 ,$29.25 ,PSF,
3/14/2021,Amazon.com,,3/15/2021,Shipped,$152.84 ,$0.00 ,$0.00 ,$0.00 ,$0.00 ,$152.84 ,PSF,
3/15/2021,Amazon.com,,3/19/2021,Shipped,$14.99 ,$0.00 ,$0.90 ,$0.00 ,$0.90 ,$15.89 ,PSF,
3/16/2021,Amazon.com,,3/16/2021,Shipped,$6.12 ,$0.00 ,$0.37 ,$0.00 ,$0.37 ,$6.49 ,PSF,
3/16/2021,Amazon.com,,3/17/2021,Shipped,$21.42 ,$0.00 ,$1.29 ,$0.00 ,$1.29 ,$22.71 ,PSF,
3/18/2021,Amazon.com,,3/28/2021,Shipped,$8.97 ,$0.00 ,$0.45 ,$1.35 ,$0.45 ,$8.07 ,PSF,
3/21/2021,Amazon.com,,3/22/2021,Shipped,$146.41 ,$0.00 ,$0.00 ,$0.00 ,$0.00 ,$146.41 ,PSF,
3/22/2021,Amazon.com,,3/22/2021,Shipped,$149.99 ,$0.00 ,$7.20 ,$30.00 ,$7.20 ,$127.19 ,PSF,
3/22/2021,Amazon.com,,3/24/2021,Shipped,$18.99 ,$0.00 ,$1.14 ,$0.00 ,$1.14 ,$20.13 ,PSF,
3/22/2021,Amazon.com,,3/24/2021,Shipped,$13.99 ,$0.00 ,$0.76 ,$1.40 ,$0.76 ,$13.35 ,PSF,
3/23/2021,Amazon.com,,3/23/2021,Shipped,$27.99 ,$0.00 ,$1.68 ,$0.00 ,$1.68 ,$29.67 ,PSF,
3/26/2021,Amazon.com,,3/28/2021,Shipped,$12.74 ,$0.00 ,$0.00 ,$1.91 ,$0.00 ,$10.83 ,PSF,
3/26/2021,Amazon.com,,3/27/2021,Shipped,$21.95 ,$0.00 ,$1.19 ,$2.20 ,$1.19 ,$20.94 ,PSF,
3/26/2021,Amazon.com,,3/29/2021,Shipped,$20.76 ,$0.00 ,$0.00 ,$0.00 ,$0.00 ,$20.76 ,PSF,
3/26/2021,Amazon.com,,3/29/2021,Shipped,$16.68 ,$0.00 ,$0.00 ,$2.50 ,$0.00 ,$14.18 ,PSF,
3/28/2021,Amazon.com,,3/28/2021,Shipped,$94.99 ,$0.00 ,$5.70 ,$0.00 ,$5.70 ,$100.69 ,PSF,
3/29/2021,Amazon.com,,4/21/2021,Shipped,$7.71 ,$0.00 ,$0.00 ,$1.16 ,$0.00 ,$6.55 ,PSF,
3/30/2021,Amazon.com,,3/31/2021,Shipped,$3.00 ,$0.00 ,$0.18 ,$0.00 ,$0.18 ,$3.18 ,PSF,
3/30/2021,Amazon.com,,3/30/2021,Shipped,$5.45 ,$0.00 ,$0.33 ,$0.00 ,$0.33 ,$5.78 ,PSF,
3/30/2021,Amazon.com,,3/30/2021,Shipped,$35.51 ,$0.00 ,$2.13 ,$0.00 ,$2.13 ,$37.64 ,PSF,
3/30/2021,Amazon.com,,3/30/2021,Shipped,$7.98 ,$0.00 ,$0.48 ,$0.00 ,$0.48 ,$8.46 ,PSF,
3/30/2021,Amazon.com,,3/31/2021,Shipped,$3.99 ,$0.00 ,$0.24 ,$0.00 ,$0.24 ,$4.23 ,PSF,
3/31/2021,Amazon.com,,4/1/2021,Shipped,$9.99 ,$0.00 ,$0.60 ,$0.00 ,$0.60 ,$10.59 ,PSF,
4/1/2021,Amazon.com,,4/1/2021,Shipped,$5.49 ,$0.00 ,$0.33 ,$0.00 ,$0.33 ,$5.82 ,PSF,
4/2/2021,Amazon.com,,4/3/2021,Shipped,$7.98 ,$0.00 ,$0.48 ,$0.00 ,$0.48 ,$8.46 ,PSF,
4/4/2021,Amazon.com,,4/6/2021,Shipped,$16.19 ,$0.00 ,$0.97 ,$0.00 ,$0.97 ,$17.16 ,PSF,
4/5/2021,Amazon.com,,4/5/2021,Shipped,$122.99 ,$0.00 ,$7.38 ,$0.00 ,$7.38 ,$130.37 ,PSF,
4/5/2021,Amazon.com,,4/5/2021,Shipped,$36.99 ,$0.00 ,$2.22 ,$0.00 ,$2.22 ,$39.21 ,PSF,
4/5/2021,Amazon.com,,4/6/2021,Shipped,$16.99 ,$0.00 ,$1.02 ,$0.00 ,$1.02 ,$18.01 ,PSF,
4/5/2021,Amazon.com,,4/6/2021,Shipped,$127.71 ,$0.00 ,$0.00 ,$0.00 ,$0.00 ,$127.71 ,PSF,
4/6/2021,Amazon.com,,4/10/2021,Shipped,$28.48 ,$0.00 ,$1.71 ,$0.00 ,$1.71 ,$30.19 ,PSF,
4/10/2021,Amazon.com,,4/10/2021,Shipped,$40.79 ,$0.00 ,$2.45 ,$0.00 ,$2.45 ,$43.24 ,PSF,
4/10/2021,Amazon.com,,4/12/2021,Shipped,$7.99 ,$0.00 ,$0.48 ,$0.00 ,$0.48 ,$8.47 ,PSF,
4/10/2021,Amazon.com,,4/11/2021,Shipped,$21.10 ,$0.00 ,$1.27 ,$0.00 ,$1.27 ,$22.37 ,PSF,
4/12/2021,Amazon.com,,4/21/2021,Shipped,$14.07 ,$0.00 ,$0.72 ,$2.11 ,$0.72 ,$12.68 ,PSF,
4/14/2021,Amazon.com,,4/21/2021,Shipped,$6.98 ,$0.00 ,$0.00 ,$1.05 ,$0.00 ,$5.93 ,PSF,
4/14/2021,Amazon.com,,4/21/2021,Shipped,$13.39 ,$0.00 ,$0.76 ,$0.67 ,$0.76 ,$13.48 ,PSF,
4/14/2021,Amazon.com,,4/16/2021,Shipped,$3.42 ,$0.00 ,$0.18 ,$0.51 ,$0.18 ,$3.09 ,PSF,
4/14/2021,Amazon.com,,4/16/2021,Shipped,$59.99 ,$0.00 ,$0.00 ,$3.00 ,$0.00 ,$56.99 ,PSF,
4/14/2021,Amazon.com,,4/16/2021,Shipped,$25.63 ,$0.00 ,$1.31 ,$3.84 ,$1.31 ,$23.10 ,PSF,
4/14/2021,Amazon.com,,4/16/2021,Shipped,$5.29 ,$0.00 ,$0.27 ,$0.79 ,$0.27 ,$4.77 ,PSF,
4/14/2021,Amazon.com,,4/21/2021,Shipped,$6.99 ,$0.00 ,$0.38 ,$0.70 ,$0.38 ,$6.67 ,PSF,
4/14/2021,Amazon.com,,4/19/2021,Shipped,$3.42 ,$0.00 ,$0.18 ,$0.51 ,$0.18 ,$3.09 ,PSF,
4/14/2021,Amazon.com,,4/15/2021,Shipped,$13.48 ,$0.00 ,$0.68 ,$2.02 ,$0.68 ,$12.14 ,PSF,
4/15/2021,Amazon.com,,4/16/2021,Shipped,$42.48 ,$0.00 ,$2.17 ,$6.37 ,$2.17 ,$38.28 ,PSF,
4/15/2021,Amazon.com,,4/21/2021,Shipped,$17.28 ,$0.00 ,$0.00 ,$2.59 ,$0.00 ,$14.69 ,PSF,
4/17/2021,Amazon.com,,4/18/2021,Shipped,$153.03 ,$0.00 ,$0.45 ,$0.00 ,$0.45 ,$153.48 ,PSF,
4/20/2021,Amazon.com,,4/21/2021,Shipped,$34.52 ,$0.00 ,$2.04 ,$0.50 ,$2.04 ,$36.06 ,PSF,
4/21/2021,Amazon.com,,11/29/2021,Shipped,$8.68 ,$0.00 ,$0.52 ,$0.00 ,$0.52 ,$9.20 ,PSF,
4/21/2021,Amazon.com,,4/22/2021,Shipped,$15.70 ,$0.00 ,$0.94 ,$0.00 ,$0.94 ,$16.64 ,PSF,
4/21/2021,Amazon.com,,4/21/2021,Shipped,$44.98 ,$0.00 ,$2.70 ,$0.00 ,$2.70 ,$47.68 ,PSF,
4/21/2021,Amazon.com,,4/22/2021,Shipped,$6.05 ,$0.00 ,$0.36 ,$0.00 ,$0.36 ,$6.41 ,PSF,
4/22/2021,Amazon.com,,4/22/2021,Shipped,$25.00 ,$0.00 ,$0.00 ,$0.00 ,$0.00 ,$25.00 ,PSF,
4/25/2021,Amazon.com,,4/27/2021,Shipped,$41.50 ,$0.00 ,$2.49 ,$0.00 ,$2.49 ,$43.99 ,PSF,
4/25/2021,Amazon.com,,5/31/2021,Shipped,$5.99 ,$0.00 ,$0.36 ,$0.00 ,$0.36 ,$6.35 ,PSF,
4/28/2021,Amazon.com,,5/2/2021,Shipped,$11.99 ,$0.00 ,$0.72 ,$0.00 ,$0.72 ,$12.71 ,PSF,
4/28/2021,Amazon.com,,5/1/2021,Shipped,$9.99 ,$0.00 ,$0.60 ,$0.00 ,$0.60 ,$10.59 ,PSF,
4/30/2021,Amazon.com,,5/20/2021,Shipped,$26.99 ,$0.00 ,$1.38 ,$4.05 ,$1.38 ,$24.32 ,PSF,
5/1/2021,Amazon.com,,5/2/2021,Shipped,$151.54 ,$0.00 ,$0.00 ,$0.00 ,$0.00 ,$151.54 ,PSF,
5/4/2021,Amazon.com,,5/5/2021,Shipped,$14.99 ,$0.00 ,$0.85 ,$0.75 ,$0.85 ,$15.09 ,PSF,
5/6/2021,Amazon.com,,5/20/2021,Shipped,$14.99 ,$0.00 ,$0.76 ,$2.25 ,$0.76 ,$13.50 ,PSF,
5/6/2021,Amazon.com,,5/20/2021,Shipped,$3.99 ,$0.00 ,$0.00 ,$0.20 ,$0.00 ,$3.79 ,PSF,
5/6/2021,Amazon.com,,5/20/2021,Shipped,$7.60 ,$0.00 ,$0.39 ,$1.14 ,$0.39 ,$6.85 ,PSF,
5/7/2021,Amazon.com,,5/20/2021,Shipped,$5.46 ,$0.00 ,$0.31 ,$0.27 ,$0.31 ,$5.50 ,PSF,
5/7/2021,Amazon.com,,5/20/2021,Shipped,$15.98 ,$0.00 ,$0.91 ,$0.80 ,$0.91 ,$16.09 ,PSF,
5/7/2021,Amazon.com,,5/20/2021,Shipped,$14.00 ,$0.00 ,$0.71 ,$2.10 ,$0.71 ,$12.61 ,PSF,
5/8/2021,Amazon.com,,5/12/2021,Shipped,$9.99 ,$0.00 ,$0.60 ,$0.00 ,$0.60 ,$10.59 ,PSF,
5/8/2021,Amazon.com,,5/9/2021,Shipped,$5.58 ,$0.00 ,$0.34 ,$0.00 ,$0.34 ,$5.92 ,PSF,
5/9/2021,Amazon.com,,5/9/2021,Shipped,$7.98 ,$0.00 ,$0.48 ,$0.00 ,$0.48 ,$8.46 ,PSF,
5/9/2021,Amazon.com,,5/12/2021,Shipped,$8.22 ,$0.00 ,$0.49 ,$0.00 ,$0.49 ,$8.71 ,PSF,
5/9/2021,Amazon.com,,5/12/2021,Shipped,$3.00 ,$0.00 ,$0.00 ,$0.00 ,$0.00 ,$3.00 ,PSF,
5/10/2021,Amazon.com,,5/12/2021,Shipped,$4.35 ,$0.00 ,$0.00 ,$0.00 ,$0.00 ,$4.35 ,PSF,
5/13/2021,Amazon.com,,7/31/2021,Shipped,$59.95 ,$0.00 ,$3.60 ,$0.00 ,$3.60 ,$63.55 ,PSF,
5/14/2021,Amazon.com,,5/16/2021,Shipped,$39.98 ,$0.00 ,$2.40 ,$0.00 ,$2.40 ,$42.38 ,PSF,
5/14/2021,Amazon.com,,5/15/2021,Shipped,$11.99 ,$0.00 ,$0.72 ,$0.00 ,$0.72 ,$12.71 ,PSF,
5/15/2021,Amazon.com,,5/20/2021,Shipped,$8.94 ,$0.00 ,$0.46 ,$1.34 ,$0.46 ,$8.06 ,PSF,
5/15/2021,Amazon.com,,5/20/2021,Shipped,$15.49 ,$0.00 ,$0.00 ,$2.32 ,$0.00 ,$13.17 ,PSF,
5/15/2021,Amazon.com,,5/16/2021,Shipped,$143.87 ,$0.00 ,$0.30 ,$0.00 ,$0.30 ,$144.17 ,PSF,
5/15/2021,Amazon.com,,5/16/2021,Shipped,$42.97 ,$0.00 ,$2.16 ,$0.00 ,$2.16 ,$45.13 ,PSF,
5/17/2021,Amazon.com,,5/18/2021,Shipped,$20.20 ,$0.00 ,$1.21 ,$0.00 ,$1.21 ,$21.41 ,PSF,
5/17/2021,Amazon.com,,5/19/2021,Shipped,$29.47 ,$0.00 ,$1.65 ,$2.00 ,$1.65 ,$29.12 ,PSF,
5/19/2021,Amazon.com,,5/20/2021,Shipped,$29.99 ,$0.00 ,$1.80 ,$0.00 ,$1.80 ,$31.79 ,PSF,
5/20/2021,Amazon.com,,5/31/2021,Shipped,$63.87 ,$0.00 ,$3.83 ,$0.00 ,$3.83 ,$67.70 ,PSF,
5/20/2021,Amazon.com,,5/23/2021,Shipped,$14.99 ,$0.00 ,$0.90 ,$0.00 ,$0.90 ,$15.89 ,PSF,
5/20/2021,Amazon.com,,5/21/2021,Shipped,$13.99 ,$0.00 ,$0.84 ,$0.00 ,$0.84 ,$14.83 ,PSF,
5/20/2021,Amazon.com,,5/23/2021,Shipped,$68.77 ,$0.00 ,$3.63 ,$8.10 ,$3.63 ,$64.30 ,PSF,
5/23/2021,Amazon.com,,6/21/2021,Shipped,$17.99 ,$0.00 ,$0.97 ,$1.80 ,$0.97 ,$17.16 ,PSF,
5/24/2021,Amazon.com,,5/25/2021,Shipped,$19.99 ,$0.00 ,$1.20 ,$0.00 ,$1.20 ,$21.19 ,PSF,
5/29/2021,Amazon.com,,5/30/2021,Shipped,$142.23 ,$0.00 ,$0.00 ,$0.00 ,$0.00 ,$142.23 ,PSF,
5/29/2021,Amazon.com,,5/31/2021,Shipped,$4.97 ,$0.00 ,$0.30 ,$0.00 ,$0.30 ,$5.27 ,PSF,
6/1/2021,Amazon.com,,6/2/2021,Shipped,$25.00 ,$0.00 ,$0.00 ,$0.00 ,$0.00 ,$25.00 ,PSF,
6/2/2021,Amazon.com,,6/2/2021,Shipped,$15.97 ,$0.00 ,$0.96 ,$0.00 ,$0.96 ,$16.93 ,PSF,
6/2/2021,Amazon.com,,6/21/2021,Shipped,$15.69 ,$0.00 ,$0.90 ,$0.78 ,$0.90 ,$15.81 ,PSF,
6/6/2021,Amazon.com,,6/6/2021,Shipped,$88.07 ,$0.00 ,$0.00 ,$0.00 ,$0.00 ,$88.07 ,PSF,
6/6/2021,Amazon.com,,6/7/2021,Shipped,$69.99 ,$0.00 ,$4.20 ,$0.00 ,$4.20 ,$74.19 ,PSF,
6/6/2021,Amazon.com,,6/8/2021,Shipped,$31.97 ,$0.00 ,$1.92 ,$0.00 ,$1.92 ,$33.89 ,PSF,
6/6/2021,Amazon.com,,6/13/2021,Shipped,$48.97 ,$0.00 ,$2.94 ,$0.00 ,$2.94 ,$51.91 ,PSF,
6/6/2021,Amazon.com,,6/8/2021,Shipped,$6.99 ,$0.00 ,$0.42 ,$0.00 ,$0.42 ,$7.41 ,PSF,
6/6/2021,Amazon.com,,6/8/2021,Shipped,$10.99 ,$0.00 ,$0.66 ,$0.00 ,$0.66 ,$11.65 ,PSF,
6/6/2021,Amazon.com,,6/6/2021,Shipped,$15.99 ,$4.49 ,$1.23 ,$0.00 ,$1.23 ,$21.71 ,PSF,
6/6/2021,Amazon.com,,6/20/2021,Shipped,$19.98 ,$0.00 ,$1.14 ,$1.00 ,$1.14 ,$20.12 ,PSF,
6/6/2021,Amazon.com,,6/21/2021,Shipped,$14.77 ,$0.00 ,$0.84 ,$0.74 ,$0.84 ,$14.87 ,PSF,
6/7/2021,Amazon.com,,6/23/2021,Shipped,$4.97 ,$0.00 ,$0.00 ,$0.75 ,$0.00 ,$4.22 ,PSF,
6/7/2021,Amazon.com,,6/21/2021,Shipped,$13.58 ,$0.00 ,$0.70 ,$2.04 ,$0.70 ,$12.24 ,PSF,
6/8/2021,Amazon.com,,6/16/2021,Shipped,$25.00 ,$0.00 ,$0.00 ,$0.00 ,$0.00 ,$25.00 ,PSF,
6/8/2021,Amazon.com,,6/22/2021,Shipped,$12.98 ,$0.00 ,$0.00 ,$1.95 ,$0.00 ,$11.03 ,PSF,
6/9/2021,Amazon.com,,6/10/2021,Shipped,$12.75 ,$0.00 ,$0.77 ,$0.00 ,$0.77 ,$13.52 ,PSF,
6/12/2021,Amazon.com,,6/13/2021,Shipped,$8.99 ,$0.00 ,$0.49 ,$0.90 ,$0.49 ,$8.58 ,PSF,
6/13/2021,Amazon.com,,6/14/2021,Shipped,$7.99 ,$0.00 ,$0.48 ,$0.00 ,$0.48 ,$8.47 ,PSF,
6/13/2021,Amazon.com,,6/16/2021,Shipped,$48.99 ,$0.00 ,$2.78 ,$2.60 ,$2.78 ,$49.17 ,PSF,
6/13/2021,Amazon.com,,6/15/2021,Shipped,$12.59 ,$0.00 ,$0.72 ,$0.63 ,$0.72 ,$12.68 ,PSF,
6/14/2021,Amazon.com,,6/21/2021,Shipped,$13.29 ,$0.00 ,$0.76 ,$0.66 ,$0.76 ,$13.39 ,PSF,
6/14/2021,Amazon.com,,6/15/2021,Shipped,$11.99 ,$0.00 ,$0.00 ,$0.00 ,$0.00 ,$11.99 ,PSF,
6/14/2021,Amazon.com,,6/14/2021,Shipped,$10.73 ,$0.00 ,$0.64 ,$0.00 ,$0.64 ,$11.37 ,PSF,
6/14/2021,Amazon.com,,6/15/2021,Shipped,$67.77 ,$0.00 ,$0.00 ,$0.00 ,$0.00 ,$67.77 ,PSF,
6/14/2021,Amazon.com,,6/18/2021,Shipped,$18.99 ,$0.00 ,$1.14 ,$0.00 ,$1.14 ,$20.13 ,PSF,
6/15/2021,Amazon.com,,6/21/2021,Shipped,$15.49 ,$0.00 ,$0.00 ,$2.32 ,$0.00 ,$13.17 ,PSF,
6/18/2021,Amazon.com,,6/19/2021,Shipped,$149.99 ,$0.00 ,$4.80 ,$70.00 ,$4.80 ,$84.79 ,PSF,
6/18/2021,Amazon.com,,6/20/2021,Shipped,$14.99 ,$0.00 ,$0.90 ,$0.00 ,$0.90 ,$15.89 ,PSF,
6/18/2021,Amazon.com,,6/18/2021,Shipped,$17.99 ,$0.00 ,$1.08 ,$0.00 ,$1.08 ,$19.07 ,PSF,
6/18/2021,Amazon.com,,6/19/2021,Shipped,$9.99 ,$0.00 ,$0.60 ,$0.00 ,$0.60 ,$10.59 ,PSF,
6/18/2021,Amazon.com,,6/18/2021,Shipped,$23.99 ,$0.00 ,$1.30 ,$2.40 ,$1.30 ,$22.89 ,PSF,
6/21/2021,Amazon.com,,6/22/2021,Shipped,$24.93 ,$0.00 ,$1.50 ,$0.00 ,$1.50 ,$26.43 ,PSF,
6/21/2021,Amazon.com,,6/26/2021,Shipped,$65.79 ,$0.00 ,$3.95 ,$0.00 ,$3.95 ,$69.74 ,PSF,
6/22/2021,Amazon.com,,6/23/2021,Shipped,$20.99 ,$0.00 ,$1.26 ,$0.00 ,$1.26 ,$22.25 ,PSF,
6/22/2021,Amazon.com,,6/22/2021,Shipped,$164.98 ,$0.00 ,$5.70 ,$70.00 ,$5.70 ,$100.68 ,PSF,
6/24/2021,Amazon.com,,7/19/2021,Shipped,$6.23 ,$0.00 ,$0.00 ,$0.31 ,$0.00 ,$5.92 ,PSF,
6/24/2021,Amazon.com,,7/19/2021,Shipped,$22.19 ,$0.00 ,$0.00 ,$2.22 ,$0.00 ,$19.97 ,PSF,
6/25/2021,Amazon.com,,6/26/2021,Shipped,$7.75 ,$0.00 ,$0.47 ,$0.00 ,$0.47 ,$8.22 ,PSF,
6/26/2021,Amazon.com,,6/27/2021,Shipped,$15.99 ,$0.00 ,$0.96 ,$0.00 ,$0.96 ,$16.95 ,PSF,
6/26/2021,Amazon.com,,6/27/2021,Shipped,$34.97 ,$0.00 ,$2.02 ,$1.40 ,$2.02 ,$35.59 ,PSF,
6/27/2021,Amazon.com,,6/27/2021,Shipped,$124.77 ,$0.00 ,$0.32 ,$0.00 ,$0.32 ,$125.09 ,PSF,
6/27/2021,Amazon.com,,6/28/2021,Shipped,$24.00 ,$0.00 ,$1.44 ,$0.00 ,$1.44 ,$25.44 ,PSF,
6/30/2021,Amazon.com,,6/30/2021,Shipped,$49.94 ,$2.99 ,$3.00 ,$2.99 ,$3.00 ,$52.94 ,PSF,
6/30/2021,Amazon.com,,7/1/2021,Shipped,$299.99 ,$0.00 ,$18.00 ,$0.00 ,$18.00 ,$317.99 ,PSF,
7/1/2021,Amazon.com,,7/1/2021,Shipped,$39.99 ,$1.00 ,$2.28 ,$3.00 ,$2.28 ,$40.27 ,PSF,
7/1/2021,Amazon.com,,7/1/2021,Shipped,$12.99 ,$1.99 ,$0.78 ,$1.99 ,$0.78 ,$13.77 ,PSF,
7/1/2021,Amazon.com,,7/1/2021,Shipped,$12.95 ,$0.00 ,$0.78 ,$0.00 ,$0.78 ,$13.73 ,PSF,
7/3/2021,Amazon.com,,7/6/2021,Shipped,$5.95 ,$0.00 ,$0.36 ,$0.00 ,$0.36 ,$6.31 ,PSF,
7/4/2021,Amazon.com,,7/19/2021,Shipped,$13.99 ,$0.00 ,$0.80 ,$0.70 ,$0.80 ,$14.09 ,PSF,
7/5/2021,Amazon.com,,7/19/2021,Shipped,$11.99 ,$0.00 ,$0.61 ,$1.80 ,$0.61 ,$10.80 ,PSF,
7/7/2021,Amazon.com,,7/19/2021,Shipped,$8.99 ,$0.00 ,$0.51 ,$0.45 ,$0.51 ,$9.05 ,PSF,
7/7/2021,Amazon.com,,7/19/2021,Shipped,$13.00 ,$0.00 ,$0.74 ,$0.65 ,$0.74 ,$13.09 ,PSF,
7/7/2021,Amazon.com,,7/19/2021,Shipped,$11.79 ,$0.00 ,$0.60 ,$1.77 ,$0.60 ,$10.62 ,PSF,
7/10/2021,Amazon.com,,7/12/2021,Shipped,$19.99 ,$0.00 ,$1.20 ,$0.00 ,$1.20 ,$21.19 ,PSF,
7/10/2021,Amazon.com,,7/11/2021,Shipped,$33.98 ,$0.00 ,$1.32 ,$0.00 ,$1.32 ,$35.30 ,PSF,
7/10/2021,Amazon.com,,7/13/2021,Shipped,$24.99 ,$0.00 ,$1.50 ,$0.00 ,$1.50 ,$26.49 ,PSF,
7/10/2021,Amazon.com,,7/13/2021,Shipped,$26.98 ,$0.00 ,$1.62 ,$0.00 ,$1.62 ,$28.60 ,PSF,
7/10/2021,Amazon.com,,7/13/2021,Shipped,$12.99 ,$0.00 ,$0.78 ,$0.00 ,$0.78 ,$13.77 ,PSF,
7/10/2021,Amazon.com,,7/11/2021,Shipped,$18.27 ,$0.00 ,$1.10 ,$0.00 ,$1.10 ,$19.37 ,PSF,
7/11/2021,Amazon.com,,7/11/2021,Shipped,$33.97 ,$0.00 ,$1.78 ,$4.25 ,$1.78 ,$31.50 ,PSF,
7/12/2021,Amazon.com,,7/15/2021,Shipped,$21.74 ,$0.00 ,$0.00 ,$3.26 ,$0.00 ,$18.48 ,PSF,
7/12/2021,Amazon.com,,7/19/2021,Shipped,$19.99 ,$0.00 ,$1.02 ,$3.00 ,$1.02 ,$18.01 ,PSF,
7/12/2021,Amazon.com,,7/19/2021,Shipped,$19.99 ,$0.00 ,$1.02 ,$3.00 ,$1.02 ,$18.01 ,PSF,
7/12/2021,Amazon.com,,7/25/2021,Shipped,$29.66 ,$0.00 ,$1.78 ,$0.00 ,$1.78 ,$31.44 ,PSF,
7/12/2021,Amazon.com,,7/13/2021,Shipped,$12.99 ,$0.00 ,$0.78 ,$0.00 ,$0.78 ,$13.77 ,PSF,
7/13/2021,Amazon.com,,7/14/2021,Shipped,$7.99 ,$0.00 ,$0.48 ,$0.00 ,$0.48 ,$8.47 ,PSF,
7/13/2021,Amazon.com,,7/19/2021,Shipped,$14.99 ,$0.00 ,$0.00 ,$2.25 ,$0.00 ,$12.74 ,PSF,
7/14/2021,Amazon.com,,7/15/2021,Shipped,$116.65 ,$0.00 ,$0.00 ,$0.00 ,$0.00 ,$116.65 ,PSF,
7/14/2021,Amazon.com,,8/19/2021,Shipped,$6.19 ,$0.00 ,$0.00 ,$0.93 ,$0.00 ,$5.26 ,PSF,
7/17/2021,Amazon.com,,8/19/2021,Shipped,$29.94 ,$0.00 ,$0.00 ,$4.49 ,$0.00 ,$25.45 ,PSF,
7/19/2021,Amazon.com,,7/20/2021,Shipped,$5.93 ,$0.00 ,$0.36 ,$0.00 ,$0.36 ,$6.29 ,PSF,
7/19/2021,Amazon.com,,7/19/2021,Shipped,$23.99 ,$0.00 ,$1.44 ,$0.00 ,$1.44 ,$25.43 ,PSF,
7/19/2021,Amazon.com,,7/19/2021,Shipped,$5.79 ,$0.00 ,$0.35 ,$0.00 ,$0.35 ,$6.14 ,PSF,
7/25/2021,Amazon.com,,7/25/2021,Shipped,$13.99 ,$0.00 ,$0.84 ,$0.00 ,$0.84 ,$14.83 ,PSF,
7/25/2021,Amazon.com,,7/26/2021,Shipped,$170.93 ,$0.00 ,$0.00 ,$0.00 ,$0.00 ,$170.93 ,PSF,
7/26/2021,Amazon.com,,7/26/2021,Shipped,$12.68 ,$0.00 ,$0.76 ,$0.00 ,$0.76 ,$13.44 ,PSF,
8/1/2021,Amazon.com,,8/3/2021,Shipped,$26.93 ,$0.00 ,$1.62 ,$0.00 ,$1.62 ,$28.55 ,PSF,
8/1/2021,Amazon.com,,8/3/2021,Shipped,$17.99 ,$0.00 ,$0.66 ,$7.00 ,$0.66 ,$11.65 ,PSF,
8/1/2021,Amazon.com,,8/3/2021,Shipped,$17.99 ,$0.00 ,$0.51 ,$9.50 ,$0.51 ,$9.00 ,PSF,
8/1/2021,Amazon.com,,8/3/2021,Shipped,$17.99 ,$0.00 ,$0.51 ,$9.50 ,$0.51 ,$9.00 ,PSF,
8/3/2021,Amazon.com,,8/8/2021,Shipped,$51.91 ,$0.00 ,$3.12 ,$0.00 ,$3.12 ,$55.03 ,PSF,
8/3/2021,Amazon.com,,8/5/2021,Shipped,$59.99 ,$0.00 ,$2.40 ,$20.00 ,$2.40 ,$42.39 ,PSF,
8/3/2021,Amazon.com,,8/6/2021,Shipped,$49.99 ,$0.00 ,$3.00 ,$0.00 ,$3.00 ,$52.99 ,PSF,
8/4/2021,Amazon.com,,8/19/2021,Shipped,$51.54 ,$0.00 ,$0.00 ,$7.73 ,$0.00 ,$43.81 ,PSF,
8/4/2021,Amazon.com,,8/19/2021,Shipped,$5.84 ,$0.00 ,$0.00 ,$0.29 ,$0.00 ,$5.55 ,PSF,
8/4/2021,Amazon.com,,8/19/2021,Shipped,$13.98 ,$0.00 ,$0.00 ,$2.10 ,$0.00 ,$11.88 ,PSF,
8/5/2021,Amazon.com,,8/8/2021,Shipped,$9.98 ,$0.00 ,$0.60 ,$0.00 ,$0.60 ,$10.58 ,PSF,
8/5/2021,Amazon.com,,8/8/2021,Shipped,$9.98 ,$0.00 ,$0.60 ,$0.84 ,$0.60 ,$9.74 ,PSF,
8/5/2021,Amazon.com,,8/6/2021,Shipped,$5.99 ,$0.00 ,$0.36 ,$0.00 ,$0.36 ,$6.35 ,PSF,
8/5/2021,Amazon.com,,8/8/2021,Shipped,$18.99 ,$0.00 ,$1.14 ,$0.00 ,$1.14 ,$20.13 ,PSF,
8/7/2021,Amazon.com,,8/8/2021,Shipped,$3.99 ,$0.00 ,$0.24 ,$0.00 ,$0.24 ,$4.23 ,PSF,
8/7/2021,Amazon.com,,8/8/2021,Shipped,$39.99 ,$0.00 ,$1.92 ,$8.00 ,$1.92 ,$33.91 ,PSF,
8/8/2021,Amazon.com,,8/8/2021,Shipped,$77.71 ,$0.00 ,$0.24 ,$0.00 ,$0.24 ,$77.95 ,PSF,
8/9/2021,Amazon.com,,8/19/2021,Shipped,$8.74 ,$0.00 ,$0.50 ,$0.44 ,$0.50 ,$8.80 ,PSF,
8/9/2021,Amazon.com,,8/9/2021,Shipped,$44.00 ,$0.00 ,$2.64 ,$0.00 ,$2.64 ,$46.64 ,PSF,
8/9/2021,Amazon.com,,8/10/2021,Shipped,$23.73 ,$0.00 ,$0.00 ,$0.00 ,$0.00 ,$23.73 ,PSF,
8/9/2021,Amazon.com,,8/19/2021,Shipped,$9.98 ,$0.00 ,$0.00 ,$1.50 ,$0.00 ,$8.48 ,PSF,
8/9/2021,Amazon.com,,8/19/2021,Shipped,$2.91 ,$0.00 ,$0.15 ,$0.44 ,$0.15 ,$2.62 ,PSF,
8/10/2021,Amazon.com,,8/19/2021,Shipped,$10.38 ,$0.00 ,$0.53 ,$1.56 ,$0.53 ,$9.35 ,PSF,
8/10/2021,Amazon.com,,8/15/2021,Shipped,$16.46 ,$0.00 ,$0.00 ,$2.47 ,$0.00 ,$13.99 ,PSF,
8/12/2021,Amazon.com,,8/15/2021,Shipped,$19.96 ,$0.00 ,$1.20 ,$0.00 ,$1.20 ,$21.16 ,PSF,
8/12/2021,Amazon.com,,8/21/2021,Shipped,$40.00 ,$0.00 ,$0.00 ,$0.00 ,$0.00 ,$40.00 ,PSF,
8/12/2021,Amazon.com,,8/19/2021,Shipped,$29.96 ,$0.00 ,$0.00 ,$3.00 ,$0.00 ,$26.96 ,PSF,
8/13/2021,Amazon.com,,8/19/2021,Shipped,$7.39 ,$0.00 ,$0.38 ,$1.11 ,$0.38 ,$6.66 ,PSF,
8/16/2021,Amazon.com,,8/16/2021,Shipped,$10.99 ,$0.00 ,$0.66 ,$0.00 ,$0.66 ,$11.65 ,PSF,
8/16/2021,Amazon.com,,8/16/2021,Shipped,$18.98 ,$0.00 ,$0.74 ,$6.64 ,$0.74 ,$13.08 ,PSF,
8/18/2021,Amazon.com,,8/21/2021,Shipped,$34.98 ,$0.00 ,$1.74 ,$6.00 ,$1.74 ,$30.72 ,PSF,
8/19/2021,Amazon.com,,8/21/2021,Shipped,$12.99 ,$0.00 ,$0.78 ,$0.00 ,$0.78 ,$13.77 ,PSF,
8/19/2021,Amazon.com,,8/19/2021,Shipped,$129.99 ,$2.99 ,$7.80 ,$2.99 ,$7.80 ,$137.79 ,PSF,
8/19/2021,Amazon.com,,8/20/2021,Shipped,$7.99 ,$0.00 ,$0.43 ,$0.80 ,$0.43 ,$7.62 ,PSF,
8/23/2021,Amazon.com,,8/23/2021,Shipped,$19.14 ,$0.00 ,$0.00 ,$0.00 ,$0.00 ,$19.14 ,PSF,
8/23/2021,Amazon.com,,8/23/2021,Shipped,$11.99 ,$0.00 ,$0.72 ,$0.00 ,$0.72 ,$12.71 ,PSF,
8/23/2021,Amazon.com,,8/23/2021,Shipped,$7.77 ,$0.00 ,$0.47 ,$0.00 ,$0.47 ,$8.24 ,PSF,
8/23/2021,Amazon.com,,8/23/2021,Shipped,$51.94 ,$0.00 ,$3.12 ,$0.00 ,$3.12 ,$55.06 ,PSF,
8/23/2021,Amazon.com,,8/23/2021,Shipped,$8.99 ,$0.00 ,$0.54 ,$0.00 ,$0.54 ,$9.53 ,PSF,
8/23/2021,Amazon.com,,8/23/2021,Shipped,$11.99 ,$0.00 ,$0.72 ,$0.00 ,$0.72 ,$12.71 ,PSF,
8/23/2021,Amazon.com,,8/23/2021,Shipped,$29.99 ,$0.00 ,$1.80 ,$0.00 ,$1.80 ,$31.79 ,PSF,
8/24/2021,Amazon.com,,9/3/2021,Shipped,$18.00 ,$0.00 ,$0.00 ,$1.80 ,$0.00 ,$16.20 ,PSF,
8/24/2021,Amazon.com,,9/3/2021,Shipped,$6.79 ,$0.00 ,$0.35 ,$1.02 ,$0.35 ,$6.12 ,PSF,
8/24/2021,Amazon.com,,9/3/2021,Shipped,$14.99 ,$0.00 ,$0.76 ,$2.25 ,$0.76 ,$13.50 ,PSF,
8/24/2021,Amazon.com,,9/3/2021,Shipped,$6.52 ,$0.00 ,$0.33 ,$0.98 ,$0.33 ,$5.87 ,PSF,
8/24/2021,Amazon.com,,9/3/2021,Shipped,$28.38 ,$0.00 ,$0.00 ,$4.26 ,$0.00 ,$24.12 ,PSF,
8/24/2021,Amazon.com,,9/3/2021,Shipped,$26.99 ,$0.00 ,$1.38 ,$4.05 ,$1.38 ,$24.32 ,PSF,
8/25/2021,Amazon.com,,8/25/2021,Shipped,$17.97 ,$0.00 ,$0.00 ,$0.00 ,$0.00 ,$17.97 ,PSF,
8/28/2021,Amazon.com,,9/3/2021,Shipped,$9.99 ,$0.00 ,$0.51 ,$1.50 ,$0.51 ,$9.00 ,PSF,
8/28/2021,Amazon.com,,9/3/2021,Shipped,$12.88 ,$0.00 ,$0.00 ,$1.93 ,$0.00 ,$10.95 ,PSF,
8/29/2021,Amazon.com,,8/30/2021,Shipped,$155.29 ,$0.00 ,$0.00 ,$0.00 ,$0.00 ,$155.29 ,PSF,
8/29/2021,Amazon.com,,8/31/2021,Shipped,$31.94 ,$0.00 ,$1.92 ,$0.00 ,$1.92 ,$33.86 ,PSF,
8/29/2021,Amazon.com,,8/30/2021,Shipped,$49.97 ,$0.00 ,$2.96 ,$0.75 ,$2.96 ,$52.18 ,PSF,
8/29/2021,Amazon.com,,8/30/2021,Shipped,$26.98 ,$0.00 ,$1.62 ,$0.00 ,$1.62 ,$28.60 ,PSF,
8/29/2021,Amazon.com,,8/30/2021,Shipped,$21.47 ,$0.00 ,$1.29 ,$0.00 ,$1.29 ,$22.76 ,PSF,
8/29/2021,Amazon.com,,8/31/2021,Shipped,$29.98 ,$0.00 ,$1.80 ,$0.00 ,$1.80 ,$31.78 ,PSF,
8/29/2021,Amazon.com,,8/30/2021,Shipped,$43.94 ,$0.00 ,$2.40 ,$3.99 ,$2.40 ,$42.35 ,PSF,
8/29/2021,Amazon.com,,8/30/2021,Shipped,$21.85 ,$0.00 ,$1.31 ,$0.00 ,$1.31 ,$23.16 ,PSF,
8/31/2021,Amazon.com,,9/2/2021,Shipped,$69.95 ,$0.00 ,$4.20 ,$0.00 ,$4.20 ,$74.15 ,PSF,
8/31/2021,Amazon.com,,9/1/2021,Shipped,$19.99 ,$0.00 ,$0.90 ,$5.00 ,$0.90 ,$15.89 ,PSF,
8/31/2021,Amazon.com,,8/31/2021,Shipped,$20.68 ,$0.00 ,$1.24 ,$0.00 ,$1.24 ,$21.92 ,PSF,
9/2/2021,Amazon.com,,9/6/2021,Shipped,$30.99 ,$0.00 ,$1.86 ,$0.00 ,$1.86 ,$32.85 ,PSF,
9/2/2021,Amazon.com,,9/5/2021,Shipped,$35.99 ,$0.00 ,$2.16 ,$0.00 ,$2.16 ,$38.15 ,PSF,
9/4/2021,Amazon.com,,9/5/2021,Shipped,$19.99 ,$0.00 ,$1.20 ,$0.00 ,$1.20 ,$21.19 ,PSF,
9/4/2021,Amazon.com,,9/6/2021,Shipped,$19.99 ,$6.99 ,$1.62 ,$0.00 ,$1.62 ,$28.60 ,PSF,
9/4/2021,Amazon.com,,9/7/2021,Shipped,$10.99 ,$0.00 ,$0.66 ,$0.00 ,$0.66 ,$11.65 ,PSF,
9/4/2021,Amazon.com,,9/7/2021,Shipped,$10.99 ,$0.00 ,$0.66 ,$0.00 ,$0.66 ,$11.65 ,PSF,
9/4/2021,Amazon.com,,9/4/2021,Shipped,$22.99 ,$0.00 ,$1.38 ,$0.00 ,$1.38 ,$24.37 ,PSF,
9/4/2021,Amazon.com,,9/5/2021,Shipped,$45.99 ,$0.00 ,$2.76 ,$0.00 ,$2.76 ,$48.75 ,PSF,
9/4/2021,Amazon.com,,9/5/2021,Shipped,$63.48 ,$0.00 ,$3.81 ,$0.00 ,$3.81 ,$67.29 ,PSF,
9/4/2021,Amazon.com,,9/7/2021,Shipped,$30.53 ,$0.00 ,$1.83 ,$0.00 ,$1.83 ,$32.36 ,PSF,
9/4/2021,Amazon.com,,9/4/2021,Shipped,$38.14 ,$0.00 ,$2.29 ,$0.00 ,$2.29 ,$40.43 ,PSF,
9/5/2021,Amazon.com,,9/7/2021,Shipped,$36.33 ,$0.00 ,$2.18 ,$0.00 ,$2.18 ,$38.51 ,PSF,
9/5/2021,Amazon.com,,9/6/2021,Shipped,$20.00 ,$0.00 ,$1.20 ,$0.00 ,$1.20 ,$21.20 ,PSF,
9/6/2021,Amazon.com,,9/6/2021,Shipped,$40.00 ,$0.00 ,$0.00 ,$0.00 ,$0.00 ,$40.00 ,PSF,
9/10/2021,Amazon.com,,9/10/2021,Shipped,$10.99 ,$0.00 ,$0.66 ,$0.00 ,$0.66 ,$11.65 ,PSF,
9/11/2021,Amazon.com,,9/11/2021,Shipped,$111.48 ,$0.00 ,$0.00 ,$0.00 ,$0.00 ,$111.48 ,PSF,
9/11/2021,Amazon.com,,9/16/2021,Shipped,$29.99 ,$0.00 ,$1.80 ,$0.00 ,$1.80 ,$31.79 ,PSF,
9/11/2021,Amazon.com,,9/11/2021,Shipped,$24.99 ,$0.00 ,$1.50 ,$0.00 ,$1.50 ,$26.49 ,PSF,
9/16/2021,Amazon.com,,9/19/2021,Shipped,$36.12 ,$0.00 ,$2.17 ,$0.00 ,$2.17 ,$38.29 ,PSF,
9/18/2021,Amazon.com,,10/3/2021,Shipped,$19.88 ,$0.00 ,$0.00 ,$2.98 ,$0.00 ,$16.90 ,PSF,
9/20/2021,Amazon.com,,9/20/2021,Shipped,$8.47 ,$0.00 ,$0.51 ,$0.00 ,$0.51 ,$8.98 ,PSF,
9/20/2021,Amazon.com,,9/20/2021,Shipped,$19.99 ,$0.00 ,$1.20 ,$0.00 ,$1.20 ,$21.19 ,PSF,
9/20/2021,Amazon.com,,9/20/2021,Shipped,$16.00 ,$0.00 ,$0.96 ,$0.00 ,$0.96 ,$16.96 ,PSF,
9/21/2021,Amazon.com,,9/21/2021,Shipped,$5.99 ,$0.00 ,$0.00 ,$0.00 ,$0.00 ,$5.99 ,PSF,
9/21/2021,Amazon.com,,9/22/2021,Shipped,$24.89 ,$0.00 ,$1.49 ,$0.00 ,$1.49 ,$26.38 ,PSF,
9/22/2021,Amazon.com,,10/3/2021,Shipped,$19.95 ,$0.00 ,$0.00 ,$3.00 ,$0.00 ,$16.95 ,PSF,
9/25/2021,Amazon.com,,9/27/2021,Shipped,$27.98 ,$0.00 ,$1.68 ,$0.00 ,$1.68 ,$29.66 ,PSF,
9/26/2021,Amazon.com,,10/3/2021,Shipped,$10.40 ,$0.00 ,$0.53 ,$1.56 ,$0.53 ,$9.37 ,PSF,
9/26/2021,Amazon.com,,10/4/2021,Shipped,$4.39 ,$0.00 ,$0.22 ,$0.66 ,$0.22 ,$3.95 ,PSF,
9/26/2021,Amazon.com,,10/4/2021,Shipped,$4.39 ,$0.00 ,$0.22 ,$0.66 ,$0.22 ,$3.95 ,PSF,
9/26/2021,Amazon.com,,10/4/2021,Shipped,$4.39 ,$0.00 ,$0.22 ,$0.66 ,$0.22 ,$3.95 ,PSF,
9/27/2021,Amazon.com,,10/3/2021,Shipped,$8.94 ,$0.00 ,$0.46 ,$1.34 ,$0.46 ,$8.06 ,PSF,
9/27/2021,Amazon.com,,10/2/2021,Shipped,$12.29 ,$0.00 ,$0.00 ,$1.84 ,$0.00 ,$10.45 ,PSF,
9/27/2021,Amazon.com,,9/29/2021,Shipped,$6.98 ,$0.00 ,$0.00 ,$1.05 ,$0.00 ,$5.93 ,PSF,
9/27/2021,Amazon.com,,9/29/2021,Shipped,$19.32 ,$0.00 ,$0.00 ,$2.90 ,$0.00 ,$16.42 ,PSF,
9/27/2021,Amazon.com,,9/28/2021,Shipped,$14.22 ,$0.00 ,$0.85 ,$0.00 ,$0.85 ,$15.07 ,PSF,
9/27/2021,Amazon.com,,9/28/2021,Shipped,$14.92 ,$0.00 ,$0.90 ,$0.00 ,$0.90 ,$15.82 ,PSF,
9/28/2021,Amazon.com,,11/2/2021,Shipped,$17.97 ,$0.00 ,$0.00 ,$0.90 ,$0.00 ,$17.07 ,PSF,
9/28/2021,Amazon.com,,9/29/2021,Shipped,$429.99 ,$0.00 ,$22.80 ,$50.00 ,$22.80 ,$402.79 ,PSF,
9/29/2021,Amazon.com,,10/3/2021,Shipped,$24.94 ,$0.00 ,$0.60 ,$0.00 ,$0.60 ,$25.54 ,PSF,
9/29/2021,Amazon.com,,10/3/2021,Shipped,$39.85 ,$0.00 ,$2.31 ,$1.40 ,$2.31 ,$40.76 ,PSF,
9/29/2021,Amazon.com,,9/30/2021,Shipped,$17.78 ,$0.00 ,$0.92 ,$2.49 ,$0.92 ,$16.21 ,PSF,
9/29/2021,Amazon.com,,9/30/2021,Shipped,$9.99 ,$0.00 ,$0.57 ,$0.50 ,$0.57 ,$10.06 ,PSF,
9/30/2021,Amazon.com,,10/1/2021,Shipped,$11.99 ,$0.00 ,$0.72 ,$0.00 ,$0.72 ,$12.71 ,PSF,
10/3/2021,Amazon.com,,10/8/2021,Shipped,$3.99 ,$0.00 ,$0.00 ,$0.00 ,$0.00 ,$3.99 ,PSF,
10/3/2021,Amazon.com,,10/8/2021,Shipped,$5.35 ,$0.00 ,$0.00 ,$0.00 ,$0.00 ,$5.35 ,PSF,
10/3/2021,Amazon.com,,10/3/2021,Shipped,$16.98 ,$0.00 ,$1.02 ,$0.00 ,$1.02 ,$18.00 ,PSF,
10/3/2021,Amazon.com,,11/3/2021,Shipped,$19.92 ,$0.00 ,$1.02 ,$2.99 ,$1.02 ,$17.95 ,PSF,
10/7/2021,Amazon.com,,10/7/2021,Shipped,$11.99 ,$0.00 ,$0.60 ,$2.00 ,$0.60 ,$10.59 ,PSF,
10/8/2021,Amazon.com,,10/11/2021,Shipped,$29.94 ,$0.00 ,$1.74 ,$0.95 ,$1.74 ,$30.73 ,PSF,
10/8/2021,Amazon.com,,10/9/2021,Shipped,$5.40 ,$0.00 ,$0.32 ,$0.00 ,$0.32 ,$5.72 ,PSF,
10/9/2021,Amazon.com,,10/10/2021,Shipped,$111.97 ,$0.00 ,$0.00 ,$0.00 ,$0.00 ,$111.97 ,PSF,
10/10/2021,Amazon.com,,10/10/2021,Shipped,$19.99 ,$0.00 ,$1.20 ,$0.00 ,$1.20 ,$21.19 ,PSF,
10/10/2021,Amazon.com,,10/11/2021,Shipped,$32.79 ,$0.00 ,$1.97 ,$0.00 ,$1.97 ,$34.76 ,PSF,
10/10/2021,Amazon.com,,10/10/2021,Shipped,$9.99 ,$0.00 ,$0.60 ,$0.00 ,$0.60 ,$10.59 ,PSF,
10/10/2021,Amazon.com,,10/10/2021,Shipped,$13.99 ,$0.00 ,$0.84 ,$0.00 ,$0.84 ,$14.83 ,PSF,
10/18/2021,Amazon.com,,10/19/2021,Shipped,$21.99 ,$4.99 ,$1.62 ,$0.00 ,$1.62 ,$28.60 ,PSF,
10/18/2021,Amazon.com,,10/18/2021,Shipped,$11.99 ,$0.00 ,$0.72 ,$0.00 ,$0.72 ,$12.71 ,PSF,
10/18/2021,Amazon.com,,10/18/2021,Shipped,$9.99 ,$0.00 ,$0.60 ,$0.00 ,$0.60 ,$10.59 ,PSF,
10/19/2021,Amazon.com,,10/19/2021,Shipped,$100.00 ,$0.00 ,$0.00 ,$0.00 ,$0.00 ,$100.00 ,PSF,
10/19/2021,Amazon.com,,11/2/2021,Shipped,$9.98 ,$0.00 ,$0.00 ,$1.50 ,$0.00 ,$8.48 ,PSF,
10/20/2021,Amazon.com,,11/2/2021,Shipped,$8.99 ,$0.00 ,$0.46 ,$1.35 ,$0.46 ,$8.10 ,PSF,
10/20/2021,Amazon.com,,11/2/2021,Shipped,$8.19 ,$0.00 ,$0.42 ,$1.23 ,$0.42 ,$7.38 ,PSF,
10/22/2021,Amazon.com,,11/3/2021,Shipped,$17.98 ,$0.00 ,$0.00 ,$2.70 ,$0.00 ,$15.28 ,PSF,
10/23/2021,Amazon.com,,10/24/2021,Shipped,$17.99 ,$0.00 ,$0.78 ,$5.00 ,$0.78 ,$13.77 ,PSF,
10/23/2021,Amazon.com,,10/24/2021,Shipped,$19.98 ,$0.00 ,$1.20 ,$0.00 ,$1.20 ,$21.18 ,PSF,
10/24/2021,Amazon.com,,10/24/2021,Shipped,$64.95 ,$0.00 ,$0.00 ,$0.00 ,$0.00 ,$64.95 ,PSF,
10/25/2021,Amazon.com,,10/25/2021,Shipped,$0.00 ,$0.00 ,$0.00 ,$0.00 ,$0.00 ,$0.00 ,PSF,
10/26/2021,Amazon.com,,10/26/2021,Shipped,$27.78 ,$0.00 ,$1.67 ,$0.00 ,$1.67 ,$29.45 ,PSF,
10/26/2021,Amazon.com,,10/26/2021,Shipped,$30.99 ,$0.00 ,$1.49 ,$6.20 ,$1.49 ,$26.28 ,PSF,
10/27/2021,Amazon.com,,10/31/2021,Shipped,$25.00 ,$0.00 ,$0.00 ,$0.00 ,$0.00 ,$25.00 ,PSF,
10/27/2021,Amazon.com,,11/2/2021,Shipped,$10.52 ,$0.00 ,$0.54 ,$1.58 ,$0.54 ,$9.48 ,PSF,
10/28/2021,Amazon.com,,11/2/2021,Shipped,$4.69 ,$0.00 ,$0.24 ,$0.70 ,$0.24 ,$4.23 ,PSF,
10/28/2021,Amazon.com,,11/2/2021,Shipped,$19.32 ,$0.00 ,$0.00 ,$2.90 ,$0.00 ,$16.42 ,PSF,
10/28/2021,Amazon.com,,11/3/2021,Shipped,$29.99 ,$0.00 ,$0.00 ,$4.50 ,$0.00 ,$25.49 ,PSF,
11/1/2021,Amazon.com,,11/2/2021,Shipped,$64.47 ,$0.00 ,$3.87 ,$0.00 ,$3.87 ,$68.34 ,PSF,
11/3/2021,Amazon.com,,11/4/2021,Shipped,$20.00 ,$0.00 ,$0.00 ,$0.00 ,$0.00 ,$20.00 ,PSF,
11/4/2021,Amazon.com,,11/4/2021,Shipped,$109.01 ,$9.95 ,$0.00 ,$0.00 ,$0.00 ,$118.96 ,PSF,
11/9/2021,Amazon.com,,11/9/2021,Shipped,$51.99 ,$0.00 ,$3.12 ,$0.00 ,$3.12 ,$55.11 ,PSF,
11/11/2021,Amazon.com,,11/15/2021,Shipped,$28.99 ,$8.99 ,$2.28 ,$0.00 ,$2.28 ,$40.26 ,PSF,
11/12/2021,Amazon.com,,11/13/2021,Shipped,$15.99 ,$0.00 ,$0.96 ,$0.00 ,$0.96 ,$16.95 ,PSF,
11/12/2021,Amazon.com,,11/13/2021,Shipped,$195.46 ,$0.00 ,$11.73 ,$0.00 ,$11.73 ,$207.19 ,PSF,
11/12/2021,Amazon.com,,11/13/2021,Shipped,$83.95 ,$0.00 ,$5.04 ,$0.00 ,$5.04 ,$88.99 ,PSF,
11/12/2021,Amazon.com,,11/12/2021,Shipped,$24.29 ,$1.50 ,$1.46 ,$1.50 ,$1.46 ,$25.75 ,PSF,
11/12/2021,Amazon.com,,11/12/2021,Shipped,$25.72 ,$1.49 ,$1.54 ,$1.49 ,$1.54 ,$27.26 ,PSF,
11/12/2021,Amazon.com,,11/16/2021,Shipped,$15.35 ,$0.00 ,$0.92 ,$0.00 ,$0.92 ,$16.27 ,PSF,
11/12/2021,Amazon.com,,11/29/2021,Shipped,$11.99 ,$0.00 ,$0.72 ,$0.00 ,$0.72 ,$12.71 ,PSF,
11/13/2021,Amazon.com,,12/3/2021,Shipped,$10.99 ,$0.00 ,$0.00 ,$1.65 ,$0.00 ,$9.34 ,PSF,
11/13/2021,Amazon.com,,11/13/2021,Shipped,$86.97 ,$0.00 ,$5.22 ,$0.00 ,$5.22 ,$92.19 ,PSF,
11/13/2021,Amazon.com,,11/13/2021,Shipped,$158.51 ,$0.00 ,$9.51 ,$0.00 ,$9.51 ,$168.02 ,PSF,
11/13/2021,Amazon.com,,11/14/2021,Shipped,$9.99 ,$0.00 ,$0.60 ,$0.00 ,$0.60 ,$10.59 ,PSF,
11/13/2021,Amazon.com,,11/15/2021,Shipped,$12.99 ,$0.00 ,$0.78 ,$0.00 ,$0.78 ,$13.77 ,PSF,
11/13/2021,Amazon.com,,11/13/2021,Shipped,$34.99 ,$0.00 ,$2.10 ,$0.00 ,$2.10 ,$37.09 ,PSF,
11/13/2021,Amazon.com,,11/15/2021,Shipped,$61.00 ,$0.00 ,$3.66 ,$0.00 ,$3.66 ,$64.66 ,PSF,
11/13/2021,Amazon.com,,11/13/2021,Shipped,$9.97 ,$0.00 ,$0.60 ,$0.00 ,$0.60 ,$10.57 ,PSF,
11/13/2021,Amazon.com,,11/15/2021,Shipped,$24.99 ,$0.00 ,$1.50 ,$0.00 ,$1.50 ,$26.49 ,PSF,
11/13/2021,Amazon.com,,11/23/2021,Shipped,$39.99 ,$0.00 ,$2.40 ,$0.00 ,$2.40 ,$42.39 ,PSF,
11/14/2021,Amazon.com,,11/15/2021,Shipped,$48.92 ,$0.00 ,$2.94 ,$0.00 ,$2.94 ,$51.86 ,PSF,
11/14/2021,Amazon.com,,11/15/2021,Shipped,$50.66 ,$0.00 ,$3.04 ,$0.00 ,$3.04 ,$53.70 ,PSF,
11/14/2021,Amazon.com,,11/19/2021,Shipped,$8.99 ,$0.00 ,$0.54 ,$0.00 ,$0.54 ,$9.53 ,PSF,
11/14/2021,Amazon.com,,11/20/2021,Shipped,$11.99 ,$0.00 ,$0.68 ,$0.60 ,$0.68 ,$12.07 ,PSF,
11/14/2021,Amazon.com,,11/14/2021,Shipped,$3.96 ,$3.99 ,$0.48 ,$0.00 ,$0.48 ,$8.43 ,PSF,
11/14/2021,Amazon.com,,11/20/2021,Shipped,$12.99 ,$0.00 ,$0.78 ,$0.00 ,$0.78 ,$13.77 ,PSF,
11/17/2021,Amazon.com,,11/17/2021,Shipped,$9.99 ,$0.00 ,$0.60 ,$0.00 ,$0.60 ,$10.59 ,PSF,
11/18/2021,Amazon.com,,12/3/2021,Shipped,$25.99 ,$0.00 ,$1.33 ,$3.90 ,$1.33 ,$23.42 ,PSF,
11/19/2021,Amazon.com,,12/1/2021,Shipped,$6.99 ,$0.00 ,$0.36 ,$1.05 ,$0.36 ,$6.30 ,PSF,
11/19/2021,Amazon.com,,12/3/2021,Shipped,$18.00 ,$0.00 ,$0.00 ,$1.80 ,$0.00 ,$16.20 ,PSF,
11/19/2021,Amazon.com,,12/1/2021,Shipped,$6.39 ,$0.00 ,$0.33 ,$0.96 ,$0.33 ,$5.76 ,PSF,
11/19/2021,Amazon.com,,12/1/2021,Shipped,$5.29 ,$0.00 ,$0.27 ,$0.79 ,$0.27 ,$4.77 ,PSF,
11/19/2021,Amazon.com,,12/1/2021,Shipped,$5.64 ,$0.00 ,$0.00 ,$0.85 ,$0.00 ,$4.79 ,PSF,
11/24/2021,Amazon.com,,12/3/2021,Shipped,$27.94 ,$0.00 ,$0.00 ,$9.19 ,$0.00 ,$18.75 ,PSF,
11/25/2021,Amazon.com,,12/2/2021,Shipped,$4.33 ,$0.00 ,$0.22 ,$0.65 ,$0.22 ,$3.90 ,PSF,
11/26/2021,Amazon.com,,12/3/2021,Shipped,$11.83 ,$0.00 ,$0.60 ,$1.77 ,$0.60 ,$10.66 ,PSF,
11/26/2021,Amazon.com,,11/27/2021,Shipped,$40.98 ,$0.00 ,$2.46 ,$0.00 ,$2.46 ,$43.44 ,PSF,
11/26/2021,Amazon.com,,11/27/2021,Shipped,$5.99 ,$0.00 ,$0.36 ,$0.00 ,$0.36 ,$6.35 ,PSF,
11/26/2021,Amazon.com,,11/27/2021,Shipped,$7.58 ,$0.00 ,$0.46 ,$0.00 ,$0.46 ,$8.04 ,PSF,
11/27/2021,Amazon.com,,12/3/2021,Shipped,$17.94 ,$0.00 ,$0.00 ,$2.69 ,$0.00 ,$15.25 ,PSF,
11/27/2021,Amazon.com,,12/3/2021,Shipped,$10.52 ,$0.00 ,$0.54 ,$1.58 ,$0.54 ,$9.48 ,PSF,
11/27/2021,Amazon.com,,11/28/2021,Shipped,$23.99 ,$0.00 ,$1.44 ,$0.00 ,$1.44 ,$25.43 ,PSF,
11/27/2021,Amazon.com,,12/3/2021,Shipped,$26.08 ,$0.00 ,$0.00 ,$3.91 ,$0.00 ,$22.17 ,PSF,
11/30/2021,Amazon.com,,12/1/2021,Shipped,$138.99 ,$0.00 ,$0.84 ,$0.00 ,$0.84 ,$139.83 ,PSF,
11/30/2021,Amazon.com,,12/1/2021,Shipped,$140.05 ,$0.00 ,$0.00 ,$0.00 ,$0.00 ,$140.05 ,PSF,
12/1/2021,Amazon.com,,12/1/2021,Shipped,$16.97 ,$0.00 ,$1.02 ,$0.00 ,$1.02 ,$17.99 ,PSF,
12/3/2021,Amazon.com,,12/3/2021,Shipped,$25.00 ,$0.00 ,$0.00 ,$0.00 ,$0.00 ,$25.00 ,PSF,
12/4/2021,Amazon.com,,12/4/2021,Shipped,$16.31 ,$0.00 ,$0.98 ,$0.00 ,$0.98 ,$17.29 ,PSF,
12/4/2021,Amazon.com,,12/5/2021,Shipped,$8.98 ,$0.00 ,$0.54 ,$0.00 ,$0.54 ,$9.52 ,PSF,
12/4/2021,Amazon.com,,12/11/2021,Shipped,$14.99 ,$0.00 ,$0.90 ,$0.00 ,$0.90 ,$15.89 ,PSF,
12/7/2021,Amazon.com,,12/8/2021,Shipped,$7.62 ,$0.00 ,$0.46 ,$0.00 ,$0.46 ,$8.08 ,PSF,
12/7/2021,Amazon.com,,12/8/2021,Shipped,$7.42 ,$0.00 ,$0.45 ,$0.00 ,$0.45 ,$7.87 ,PSF,
12/7/2021,Amazon.com,,12/8/2021,Shipped,$12.99 ,$0.00 ,$0.78 ,$0.00 ,$0.78 ,$13.77 ,PSF,
12/9/2021,Amazon.com,,12/9/2021,Shipped,$25.49 ,$0.00 ,$1.53 ,$0.00 ,$1.53 ,$27.02 ,PSF,
12/9/2021,Amazon.com,,12/10/2021,Shipped,$16.99 ,$0.00 ,$1.02 ,$0.00 ,$1.02 ,$18.01 ,PSF,
12/9/2021,Amazon.com,,12/13/2021,Shipped,$29.99 ,$0.00 ,$1.80 ,$0.00 ,$1.80 ,$31.79 ,PSF,
12/11/2021,Amazon.com,,12/14/2021,Shipped,$29.95 ,$0.00 ,$1.80 ,$0.00 ,$1.80 ,$31.75 ,PSF,
12/11/2021,Amazon.com,,12/11/2021,Shipped,$13.97 ,$0.00 ,$0.84 ,$0.00 ,$0.84 ,$14.81 ,PSF,
12/11/2021,Amazon.com,,12/11/2021,Shipped,$21.00 ,$0.00 ,$1.26 ,$0.00 ,$1.26 ,$22.26 ,PSF,
12/13/2021,Amazon.com,,1/2/2022,Shipped,$29.94 ,$0.00 ,$0.00 ,$7.49 ,$0.00 ,$22.45 ,PSF,
12/13/2021,Amazon.com,,12/13/2021,Shipped,$13.99 ,$0.00 ,$0.84 ,$0.00 ,$0.84 ,$14.83 ,PSF,
12/13/2021,Amazon.com,,12/17/2021,Shipped,$23.75 ,$0.00 ,$1.43 ,$0.00 ,$1.43 ,$25.18 ,PSF,
12/14/2021,Amazon.com,,1/3/2022,Shipped,$28.73 ,$0.00 ,$1.47 ,$4.31 ,$1.47 ,$25.89 ,PSF,
12/16/2021,Amazon.com,,12/16/2021,Shipped,$69.46 ,$2.99 ,$3.74 ,$9.99 ,$3.74 ,$66.20 ,PSF,
12/17/2021,Amazon.com,,12/17/2021,Shipped,$12.99 ,$0.00 ,$0.73 ,$0.78 ,$0.73 ,$12.94 ,PSF,
12/18/2021,Amazon.com,,12/23/2021,Shipped,$35.33 ,$0.00 ,$2.12 ,$0.00 ,$2.12 ,$37.45 ,PSF,
12/18/2021,Amazon.com,,12/24/2021,Shipped,$10.99 ,$0.00 ,$0.66 ,$0.00 ,$0.66 ,$11.65 ,PSF,
12/18/2021,Amazon.com,,12/18/2021,Shipped,$15.90 ,$0.00 ,$0.95 ,$0.00 ,$0.95 ,$16.85 ,PSF,
12/19/2021,Amazon.com,,1/3/2022,Shipped,$46.98 ,$0.00 ,$0.00 ,$7.05 ,$0.00 ,$39.93 ,PSF,
12/20/2021,Amazon.com,,1/2/2022,Shipped,$19.97 ,$0.00 ,$0.00 ,$3.00 ,$0.00 ,$16.97 ,PSF,
12/20/2021,Amazon.com,,1/3/2022,Shipped,$14.68 ,$0.00 ,$0.00 ,$2.20 ,$0.00 ,$12.48 ,PSF,
12/20/2021,Amazon.com,,1/2/2022,Shipped,$19.95 ,$0.00 ,$0.00 ,$3.00 ,$0.00 ,$16.95 ,PSF,
12/20/2021,Amazon.com,,1/3/2022,Shipped,$9.99 ,$0.00 ,$0.57 ,$0.50 ,$0.57 ,$10.06 ,PSF,
12/20/2021,Amazon.com,,1/3/2022,Shipped,$9.98 ,$0.00 ,$0.00 ,$1.50 ,$0.00 ,$8.48 ,PSF,
12/22/2021,Amazon.com,,1/3/2022,Shipped,$13.99 ,$0.00 ,$0.71 ,$2.10 ,$0.71 ,$12.60 ,PSF,
12/23/2021,Amazon.com,,12/26/2021,Shipped,$22.99 ,$0.00 ,$1.38 ,$0.00 ,$1.38 ,$24.37 ,PSF,
12/23/2021,Amazon.com,,12/26/2021,Shipped,$57.98 ,$0.00 ,$3.48 ,$0.00 ,$3.48 ,$61.46 ,PSF,
12/25/2021,Amazon.com,,12/25/2021,Shipped,$200.00 ,$0.00 ,$0.00 ,$0.00 ,$0.00 ,$200.00 ,PSF,
12/26/2021,Amazon.com,,1/3/2022,Shipped,$18.44 ,$0.00 ,$0.94 ,$2.77 ,$0.94 ,$16.61 ,PSF,
12/27/2021,Amazon.com,,1/2/2022,Shipped,$21.49 ,$0.00 ,$1.23 ,$1.07 ,$1.23 ,$21.65 ,PSF,
12/27/2021,Amazon.com,,12/28/2021,Shipped,$20.99 ,$0.00 ,$1.26 ,$0.00 ,$1.26 ,$22.25 ,PSF,
12/27/2021,Amazon.com,,1/3/2022,Shipped,$9.76 ,$0.00 ,$0.00 ,$1.46 ,$0.00 ,$8.30 ,PSF,
12/28/2021,Amazon.com,,12/29/2021,Shipped,$22.30 ,$0.00 ,$1.34 ,$0.00 ,$1.34 ,$23.64 ,PSF,
12/28/2021,Amazon.com,,1/2/2022,Shipped,$15.00 ,$0.00 ,$0.90 ,$0.00 ,$0.90 ,$15.90 ,PSF,
12/28/2021,Amazon.com,,12/28/2021,Shipped,$9.35 ,$0.00 ,$0.56 ,$0.00 ,$0.56 ,$9.91 ,PSF,
12/28/2021,Amazon.com,,1/3/2022,Shipped,$10.96 ,$0.00 ,$0.56 ,$1.64 ,$0.56 ,$9.88 ,PSF,
12/28/2021,Amazon.com,,1/4/2022,Shipped,$23.94 ,$0.00 ,$0.00 ,$3.59 ,$0.00 ,$20.35 ,PSF,
12/28/2021,Amazon.com,,12/29/2021,Shipped,$5.98 ,$0.00 ,$0.26 ,$1.50 ,$0.26 ,$4.74 ,PSF,
12/30/2021,Amazon.com,,1/3/2022,Shipped,$111.68 ,$0.00 ,$6.70 ,$0.00 ,$6.70 ,$118.38 ,PSF,
12/31/2021,Amazon.com,,12/31/2021,Shipped,$29.99 ,$0.00 ,$1.70 ,$1.71 ,$1.70 ,$29.98 ,PSF,
12/31/2021,Amazon.com,,12/31/2021,Shipped,$39.98 ,$2.99 ,$2.26 ,$5.28 ,$2.26 ,$39.95 ,PSF,
